{"cameraMode":{"drawMode":0,"name":"Shaded","section":"Shading Mode"},"sceneLighting":true,"audioPlay":false,"sceneViewState":{"m_AlwaysRefresh":false,"showFog":true,"showSkybox":true,"showFlares":true,"showImageEffects":true,"showParticleSystems":true,"showVisualEffectGraphs":true,"m_FxEnabled":true},"in2DMode":false,"pivot":{"x":-0.08395397663116455,"y":0.35751616954803469,"z":-34.599998474121097},"rotation":{"x":-0.03447761386632919,"y":-0.029977643862366678,"z":-0.0010346445487812162,"w":0.9989553093910217},"size":2.820920467376709,"orthographic":true}